{"cameraMode":{"drawMode":0,"name":"Shaded","section":"Shading Mode"},"sceneLighting":true,"audioPlay":false,"sceneViewState":{"m_AlwaysRefresh":false,"showFog":true,"showSkybox":true,"showFlares":true,"showImageEffects":true,"showParticleSystems":true,"showVisualEffectGraphs":true,"m_FxEnabled":true},"in2DMode":false,"pivot":{"x":-0.2371467649936676,"y":-0.7370426654815674,"z":3.0675230026245119},"rotation":{"x":-0.13407498598098756,"y":-0.45726171135902407,"z":0.06995539367198944,"w":-0.8763853907585144},"size":2.8693783283233644,"orthographic":false}